title,company,link
Full Stack Developer (Python & Vue.js),Unhaggle Inc.,/remote-jobs/unhaggle-inc-full-stack-developer-python-vue-js-2,https://weworkremotely.com/remote-jobs/search?term=vue
Ruby on Rails developer - Solve interesting problems from home!,Ascent,/remote-jobs/ascent-ruby-on-rails-developer-solve-interesting-problems-from-home,https://weworkremotely.com/remote-jobs/search?term=vue
Senior Full Stack Engineer (Remote US),Axios,/remote-jobs/axios-senior-full-stack-engineer-remote-us,https://weworkremotely.com/remote-jobs/search?term=vue
Full Stack PWA Developer,Topflight Apps,/remote-jobs/topflight-apps-full-stack-pwa-developer,https://weworkremotely.com/remote-jobs/search?term=vue
"Senior Software Developer, Frontend",KOHO,/remote-jobs/koho-senior-software-developer-frontend,https://weworkremotely.com/remote-jobs/search?term=vue
Senior Front End Developer (Angular),"Rocket Communications, Inc.",/remote-jobs/rocket-communications-inc-senior-front-end-developer-angular,https://weworkremotely.com/remote-jobs/search?term=vue
Shopify / CMS Front-End Developer,Series Eight,/listings/series-eight-shopify-cms-front-end-developer,https://weworkremotely.com/remote-jobs/search?term=vue
Senior Salesforce Developer - Remote,Ebury,/remote-jobs/ebury-senior-salesforce-developer-remote,https://weworkremotely.com/remote-jobs/search?term=vue
UX Engineer,"Oomph, Inc.",/remote-jobs/oomph-inc-ux-engineer,https://weworkremotely.com/remote-jobs/search?term=vue
Senior Full Stack Engineer,Thinkific,/remote-jobs/thinkific-senior-full-stack-engineer,https://weworkremotely.com/remote-jobs/search?term=vue
Senior WordPress Developer,Formidable Forms,/remote-jobs/formidable-forms-senior-wordpress-developer-2,https://weworkremotely.com/remote-jobs/search?term=vue
Senior ASP.NET Core Developer,TestDome,/remote-jobs/testdome-senior-asp-net-core-developer,https://weworkremotely.com/remote-jobs/search?term=vue
Senior Android Engineer,IRL,/remote-jobs/irl-senior-android-engineer,https://weworkremotely.com/remote-jobs/search?term=vue
Rails developer,Sidekick Therapy Partners,/remote-jobs/sidekick-therapy-partners-rails-developer,https://weworkremotely.com/remote-jobs/search?term=vue
Senior Python Developer - Remote,Ebury,/remote-jobs/ebury-senior-python-developer-remote,https://weworkremotely.com/remote-jobs/search?term=vue
Software Development Team Lead,Ebury,/remote-jobs/ebury-software-development-team-lead,https://weworkremotely.com/remote-jobs/search?term=vue
Full Stack Developer ,Quidco,/remote-jobs/quidco-full-stack-developer,https://weworkremotely.com/remote-jobs/search?term=vue
Senior Vue JS Frontend Developer,"Love, Bonito",/remote-jobs/99696-remote-senior-vue-js-frontend-developer-love-bonito,https://remoteok.io
Frontend Developer,Sporty,/remote-jobs/96902-remote-frontend-developer-sporty,https://remoteok.io
Vue Nuxt Developer,Front Porch Solutions,/remote-jobs/97017-remote-vue-or-nuxt-developer-front-porch-solutions,https://remoteok.io
Senior Full Stack Developer,Bitbond,/remote-jobs/84641-remote-senior-full-stack-developer-bitbond,https://remoteok.io
Javascript Developer,RemoteLeads,/remote-jobs/84253-remote-javascript-developer-remoteleads,https://remoteok.io
Frontend Developer,TestDome,/remote-jobs/84183-remote-frontend-developer-vue-js-asp-net-testdome,https://remoteok.io
Senior Front End Developer,Likvido.com,/remote-jobs/83260-remote-senior-front-end-developer-likvido-com,https://remoteok.io
Senior Javascript Developer Vuejs,etg24 GmbH,/remote-jobs/83044-remote-senior-javascript-developer-vuejs-etg24-gmbh,https://remoteok.io
Full Stack Developer,Uscreen,/remote-jobs/83028-remote-full-stack-developer-uscreen,https://remoteok.io
Software Engineer Full Stack,Doximity,/remote-jobs/76493-remote-software-engineer-full-stack-doximity,https://remoteok.io
Full Stack Developer Fully Startup,Specula.io,/remote-jobs/75688-remote-sr-full-stack-developer-node-vue-typescript-python-sql-elastic-fully-remote-startup-specula-io,https://remoteok.io
Senior Software Engineer,Snowdrop,/remote-jobs/75658-remote-senior-software-engineer-snowdrop,https://remoteok.io
Senior PHP Developer,continued,/remote-jobs/74078-remote-senior-php-developer-full-stack-cakephp-laravel-vue-jquery-continued,https://remoteok.io
Full Stack Go Software Engineer,Private Business Network,/remote-jobs/72309-remote-full-stack-go-software-engineer-private-business-network,https://remoteok.io
Front End Developer,Carb Manager,/remote-jobs/71855-remote-front-end-developer-carb-manager,https://remoteok.io
Front End Javascript Developer with React Vue Angular,Soshace,/remote-jobs/71563-remote-front-end-javascript-developer-with-react-vue-or-angular-soshace,https://remoteok.io
Ruby rails Vue JS Engineer,PropertyNow,/remote-jobs/71467-remote-ruby-rails-vue-js-engineer-aud100k-propertynow,https://remoteok.io
Lead Engineer,Fuigo,/remote-jobs/71436-remote-lead-engineer-fuigo,https://remoteok.io
Front End Javascript Developer,Soshace,/remote-jobs/71141-remote-front-end-javascript-developer-react-vue-angular2-soshace,https://remoteok.io
Full Stack Javascript Developer,Soshace,/remote-jobs/70901-remote-full-stack-javascript-developer-soshace,https://remoteok.io
Vue.js Developer,Savvy Apps,/remote-jobs/70790-remote-vue-js-developer-savvy-apps,https://remoteok.io
Full Stack Javascript Developer,Soshace,/remote-jobs/70109-remote-full-stack-javascript-developer-soshace,https://remoteok.io
Full Stack Javascript Developer,Soshace,/remote-jobs/69895-remote-full-stack-javascript-developer-soshace,https://remoteok.io
Full Stack Developer with React Experience,Codelitt,/remote-jobs/69888-remote-full-stack-developer-with-react-experience-codelitt,https://remoteok.io
Front End Javascript Developer,Soshace,/remote-jobs/69821-remote-front-end-javascript-developer-soshace,https://remoteok.io
Lead Front End Developer with a Passion for UX,The Interaction Design Foundation,/remote-jobs/69759-remote-lead-front-end-developer-with-a-passion-for-ux-the-interaction-design-foundation,https://remoteok.io
Application Developer,Blockstack,/remote-jobs/69751-remote-application-developer-blockstack,https://remoteok.io
Front End Developer,C4Media,/remote-jobs/69456-remote-front-end-developer-remote-full-time-c4media,https://remoteok.io
Full Stack Javascript Developer,Soshace,/remote-jobs/69284-remote-full-stack-javascript-developer-soshace,https://remoteok.io
Seeking Senior Full Stack PHP Developer,SMAR7 Apps LLC,/remote-jobs/69082-remote-seeking-senior-full-stack-php-developer-smar7-apps-llc,https://remoteok.io
Software Engineer - SDVI DevOps,"SDVI
                ",https://stackoverflow.com/,/jobs/451626/software-engineer-sdvi-devops-sdvi
Senior Full Stack JavaScript Developer - Remote,"Upstack
                ",https://stackoverflow.com/,/jobs/422075/senior-full-stack-javascript-developer-remote-upstack
Front End Developer,"YouGov
                ",https://stackoverflow.com/,/jobs/439750/front-end-developer-yougov
Ruby on Rails developer - Solve interesting problems from home!,"Ascent
                ",https://stackoverflow.com/,/jobs/448560/ruby-on-rails-developer-solve-interesting-ascent
Experienced Ruby on rails Developer,"SimplePay
                ",https://stackoverflow.com/,/jobs/450851/experienced-ruby-on-rails-developer-simplepay
Adobe AEM Engineer,"BairesDev LLC
                ",https://stackoverflow.com/,/jobs/445886/adobe-aem-engineer-bairesdev-llc
Solutions Engineer,"Deepgram
                ",https://stackoverflow.com/,/jobs/431389/solutions-engineer-deepgram
JavaScript Developer,"Kinsta
                ",https://stackoverflow.com/,/jobs/446560/javascript-developer-kinsta
Software Engineer in Test,"ReCharge Payments
                ",https://stackoverflow.com/,/jobs/446787/software-engineer-in-test-recharge-payments
Senior Backend Engineer - Business,"Mrsool
                ",https://stackoverflow.com/,/jobs/425423/senior-backend-engineer-business-mrsool
Senior DevOps Engineer,"Nacelle
                ",https://stackoverflow.com/,/jobs/406559/senior-devops-engineer-nacelle
Frontend Engineer,"GridUnity, Inc
                ",https://stackoverflow.com/,/jobs/400405/frontend-engineer-gridunity-inc
Software Architect,"Nurun
                ",https://stackoverflow.com/,/jobs/415675/software-architect-nurun
Senior Front-End Engineer (WebGL),"Huddle HQ
                ",https://stackoverflow.com/,/jobs/421326/senior-front-end-engineer-webgl-huddle-hq
Full Stack Tech Lead (Remote),"HealthCare.com
                ",https://stackoverflow.com/,/jobs/441790/full-stack-tech-lead-remote-healthcarecom
Full Stack Developer with Front-End Focus,"Framewerx Inc
                ",https://stackoverflow.com/,/jobs/447978/full-stack-developer-with-front-end-focus-framewerx-inc
Sr. Backend Developer,"Cie
                ",https://stackoverflow.com/,/jobs/449510/sr-backend-developer-cie
"Senior Python Engineer, Features","ReCharge Payments
                ",https://stackoverflow.com/,/jobs/446791/senior-python-engineer-features-recharge-payments
Mid Weight Drupal Developer,"Access
                ",https://stackoverflow.com/,/jobs/445398/mid-weight-drupal-developer-access
Pessoa Engenheira de Software SÃªnior,"Kenoby
                ",https://stackoverflow.com/,/jobs/424349/pessoa-engenheira-de-software-s%C3%AAnior-kenoby
Full Stack Developer (Django + React),"Decodify.me LLC
                ",https://stackoverflow.com/,/jobs/443400/full-stack-developer-django-plus-react-decodifyme-llc
Senior Front-end Engineer,"Launch Potato
                ",https://stackoverflow.com/,/jobs/451408/senior-front-end-engineer-launch-potato
Senior Drupal Developer,"Access
                ",https://stackoverflow.com/,/jobs/445396/senior-drupal-developer-access
Full Stack Engineer - Demand,"Everli
                ",https://stackoverflow.com/,/jobs/422931/full-stack-engineer-demand-everli
Fullstack developer,"Nurun
                ",https://stackoverflow.com/,/jobs/415682/fullstack-developer-nurun
